delta_s_mm,delta_mm,Ps_N,P_N
0.0006,0.001,260.422852751529,1320.27193519555
0.0012,0.002,520.845705503058,2640.5438703911
0.0018,0.003,781.268558254588,3960.81580558666
0.0024,0.004,1041.67204500724,5280.94080691
0.003,0.005,1301.21965815241,6584.08539162994
0.0036,0.006,1560.19326516443,7861.67569902596
0.0042,0.007,1819.64288966774,9135.29790178761
0.0048,0.00800000000000001,2078.21489669643,10401.6052713542
0.0054,0.009,2334.70174979859,11652.959514804
0.006,0.01,2589.01133817507,12879.2237337792
0.0066,0.011,2839.6481252152,14070.0816969545
0.0072,0.012,3086.17059185317,15219.4860631782
0.0078,0.013,3326.54995330436,16303.5197292994
0.0084,0.014,3556.37140149553,17288.1924274345
0.009,0.015,3769.19378126301,18122.9268557575
0.0096,0.016,3949.36978317181,18683.4893485576
0.0102,0.017,4064.24066763888,18750.0074966532
0.0108,0.018,4013.90606307017,17697.727777581
0.0114,0.019,3903.54342420172,16169.0599089394
0.012,0.02,3857.20614689267,15156.882594324
0.0126,0.021,3826.50731121529,14305.7499055867
0.0132,0.022,3787.83294558594,13381.9418502445
0.0138,0.023,3771.61843840382,12707.4295265415
0.0144,0.024,3762.22622771843,12094.2813367563
0.015,0.025,3759.00920290652,11542.0738793144
0.0156,0.026,3761.0202889963,11034.5582201047
0.0162,0.027,3768.40022896485,10566.4150841596
0.0168,0.028,3780.41589148116,10134.7419181071
0.0174,0.029,3796.21218436913,9731.39828536547
0.018,0.03,3816.27272273837,9355.7653828107
0.0186,0.031,3839.85684587822,9003.89677274937
0.0192,0.032,3866.69814823928,8673.42785323171
0.0198,0.033,3896.68043085073,8361.72221458751
0.0204,0.034,3929.63941374907,8068.85442770948
0.021,0.035,3965.70366391346,7795.34945735672
0.0216,0.036,4004.63806495748,7538.45589126515
0.0222,0.037,4045.24643378046,7273.54261388026
0.0228,0.038,4089.07653257642,7036.99485227111
0.0234,0.039,4135.00366743267,6811.87200462599
0.024,0.04,4183.19274701344,6595.85193397605
0.0246,0.041,4233.18304691156,6391.12420302
0.0252,0.042,4284.79616507392,6197.56798573691
0.0258,0.043,4338.46651746406,6011.99089320782
0.0264,0.044,4394.04541716336,5833.1055502996
0.027,0.045,4451.19776044087,5662.67703402933
0.0276,0.046,4509.66722627092,5500.49220930128
0.0282,0.047,4569.71704657412,5344.92234253424
0.0288,0.048,4631.03368813687,5196.23907364624
0.0294,0.049,4693.5233530005,5053.88356619637
0.03,0.05,4757.02033640177,4917.39914795412
0.0306,0.051,4821.54410796906,4785.98587111913
0.0312,0.052,4886.97762748487,4659.42381508188
0.0318,0.053,4953.64819483602,4536.83723094422
0.0324,0.054,5021.30296180108,4418.67558783342
0.033,0.055,5089.63060281823,4305.24579056685
0.0336,0.056,5158.56104192726,4195.85784454419
0.0342,0.057,5228.13302833565,4090.43521764883
0.0348,0.058,5298.28404772214,3988.75730864162
0.0354,0.059,5369.08222621358,3890.35987136797
0.036,0.06,5440.53627743101,3795.20132364966
0.0366,0.061,5512.62524240036,3702.94663556923
0.0372,0.062,5585.26770451335,3613.63382339339
0.0378,0.063,5658.38530425234,3527.0477769746
0.0384,0.064,5732.21338588882,3442.97037056454
0.039,0.065,5806.37987699066,3361.59818865349
0.0396,0.066,5880.86469355481,3282.78040681746
0.0402,0.067,5955.43187048481,3206.4319272695
0.0408,0.068,6030.21965972335,3132.44911800071
0.0414,0.069,6105.02733429775,3060.57116790117
0.042,0.07,6179.90451558976,2990.67874155015
0.0426,0.071,6255.00446308346,2922.86194697076
0.0432,0.072,6330.14986834075,2856.955144271
0.0438,0.073,6405.50670630576,2792.85517464739
0.0444,0.074,6481.09087676407,2730.61077130163
0.045,0.075,6556.80092545262,2670.06546345775
0.0456,0.076,6632.61382222525,2611.16640101981
0.0462,0.077,6708.41280417572,2553.76789122166
0.0468,0.078,6784.21026356184,2497.71704071342
0.0474,0.079,6859.98562666027,2443.06546178662
0.048,0.08,6935.44408723475,2389.5806263619
0.0486,0.081,7010.80092650205,2337.26288852591
0.0492,0.082,7085.96524188464,2286.01202484178
0.0498,0.083,7160.69722974623,2235.70099305758
0.0504,0.084,7235.27033681863,2186.5053591283
0.051,0.085,7309.94143864096,2138.54814230963
0.0516,0.086,7384.59393095466,2091.68201372914
0.0522,0.087,7459.09862506785,2045.80036032965
0.0528,0.088,7533.66090336015,2000.98939428971
0.0534,0.089,7607.95452105108,1957.01036614826
0.054,0.09,7682.00977442987,1913.85421931368
0.0546,0.0910000000000001,7755.97886334615,1871.56081373135
0.0552,0.092,7829.96519480815,1830.23172591973
0.0558,0.093,7903.74092981257,1789.7668855041
0.0564,0.094,7976.37806235564,1749.59242229054
0.057,0.0950000000000001,8047.96396695507,1709.72450085007
0.0576,0.096,8118.67828718837,1670.20227387476
0.0582,0.097,8188.65280271774,1631.13082964607
0.0588,0.098,8258.85243142287,1593.1473480203
0.0594,0.0990000000000001,8329.38441301204,1556.24966132921
0.06,0.1,8399.75543649479,1520.04421533522
0.0606,0.101,8470.29467671074,1484.72250164306
0.0612,0.102,8541.1529057991,1450.32882098818
0.0618,0.103,8611.29622719058,1416.23937696902
0.0624,0.104,8679.81739193516,1381.91011051009
0.063,0.105,8747.96420519726,1347.99146340103
0.0636,0.106,8815.75813527129,1314.5923926253
0.0642,0.107,8883.22402207279,1281.72000821489
0.0648,0.108,8950.40354360484,1249.29419642245
0.0654,0.109,9017.49768540266,1217.46669744171
0.066,0.11,9084.48891477977,1186.25142013958
0.0666,0.111,9151.12042449794,1155.37782488346
0.0672,0.112,9217.70431325101,1124.90840062491
0.0678,0.113,9284.60053382207,1095.15079658357
0.0684,0.114,9351.2806649087,1065.77909579655
0.069,0.115,9416.72623290693,1036.13443254559
0.0696,0.116,9482.13127461946,1007.03490502362
0.0702,0.117,9546.54673120305,977.834874413844
0.0708,0.118,9610.29179658636,948.776047969236
0.0714,0.119,9674.29971636208,920.521300568492
0.072,0.12,9738.43297521699,892.875882712288
0.0726,0.121,9802.64382315486,865.701422147123
0.0732,0.122,9866.99834817402,839.080970269886
0.0738,0.123,9931.69449011163,813.082810043996
0.0744,0.124,9996.3662786677,787.362630340596
0.075,0.125,10060.7879591867,761.713061941231
0.0756,0.126,10124.8003787735,735.987550949184
0.0762,0.127,10188.7082065355,710.318094443557
0.0768,0.128,10252.4741776248,684.909021028772
0.0774,0.129,10316.2816218461,659.906852001944
0.078,0.13,10380.6051873686,635.60690033831
0.0786,0.131,10444.9861244175,611.643929109025
0.0792,0.132,10509.3179716551,587.979248880043
0.0798,0.133,10573.9321552572,564.779903264501
0.0804,0.134,10636.6686693627,540.537804735916
0.081,0.135,10697.4846728685,515.196976380077
0.0816,0.136,10758.6825974208,490.337599340112
0.0822,0.137,10820.78606794,466.388984975149
0.0828,0.138,10883.121837372,442.830052085287
0.0834,0.139,10945.8369104256,419.741150513165
0.084,0.14,11008.3950384506,396.720362731453
0.0846,0.141,11071.2252454092,374.034260199719
0.0852,0.142,11133.4366178857,350.902766717532
0.0858,0.143,11195.7496156061,328.002016084599
0.0864,0.144,11258.4446744242,305.595871089231
0.087,0.145,11321.513509706,283.663006136726
0.0876,0.146,11384.488949728,261.857875865668
0.0882,0.147,11447.4412288094,240.19800857661
0.0888,0.148,11509.7549494034,218.203220649641
0.0894,0.149,11572.6142101418,196.67880728723
0.09,0.15,11635.0151324205,174.657779855685
0.0906,0.151,11697.7130277229,152.876084477464
0.0912,0.152,11760.0942473564,130.809802911193
0.0918,0.153,11822.5719299832,108.58744440601
0.0924,0.154,11885.8758866687,87.0420523049016
0.093,0.155,11949.4524315501,65.7456076774165
0.0936,0.156,12013.4586480035,44.9061603055058
0.0942,0.157,12077.9708367534,24.6299718649671
0.0948,0.158,12142.6686049249,4.63755526529793
0.0954,0.159,12207.3120969851,-15.2715258577165
0.096,0.16,12272.2314664774,-34.8036986477029
0.0966,0.161,12337.2158791008,-54.2810724939233
0.0972,0.162,12402.1449406064,-73.7924708060139
0.0978,0.163,12467.541077861,-92.7747935329089
0.0984,0.164,12532.9004282709,-111.701864040265
0.099,0.165,12598.4627725703,-130.424472787899
0.0996,0.166,12664.2814575143,-148.868023755052
0.1002,0.167,12730.2782180535,-167.1343540519
0.1008,0.168,12796.4885480946,-185.212107388744
0.1014,0.169,12863.0084251682,-202.923749673009
0.102,0.17,12929.5035863688,-220.719521510341
0.1026,0.171,12995.8807778895,-238.722411455968
0.1032,0.172,13062.1763444529,-256.867351399913
0.1038,0.173,13128.4606330515,-275.113302553196
0.1044,0.174,13195.0413947946,-293.020835956491
0.105,0.175,13261.934027051,-310.612716273651
0.1056,0.176,13329.0133208326,-328.113968627026
0.1062,0.177,13396.2932209798,-345.430042562979
0.1068,0.178,13463.7955135434,-362.480123121641
0.1074,0.179,13531.5299485205,-379.211168265656
0.108,0.18,13599.3641835571,-395.841119205296
0.1086,0.181,13667.4277858616,-412.271020895281
0.1092,0.182,13735.7173581686,-428.535137080065
0.1098,0.183,13804.1337618464,-444.572872340269
0.1104,0.184,13872.7411966875,-460.372176387468
0.111,0.185,13941.5027532517,-476.026578078167
0.1116,0.186,14010.4387603625,-491.545179624091
0.1122,0.187,14079.5407136714,-506.829608416895
0.1128,0.188,14148.7779404888,-521.986691968685
0.1134,0.189,14218.1566434432,-537.117088205919
0.114,0.19,14287.6545457163,-552.195350689486
0.1146,0.191,14357.1485379575,-567.172799948856
0.1152,0.192,14426.6157365661,-582.162276653343
0.1158,0.193,14496.0740114835,-597.09769260824
0.1164,0.194,14565.6431219438,-611.884164745101
0.117,0.195,14635.3260513478,-626.496731388222
0.1176,0.196,14705.0675147975,-641.016068037124
0.1182,0.197,14774.8887623608,-655.399159803959
0.1188,0.198,14844.8022689711,-669.635377295529
0.1194,0.199,14914.769621416,-683.87467132486
0.12,0.2,14984.706785905,-698.071853440082
0.1206,0.201,15054.6856762374,-712.169537645379
0.1212,0.202,15124.6750100581,-726.245561837088
0.1218,0.203,15194.5204764976,-740.611375905929
0.1224,0.204,15264.2843947674,-754.966544054292
0.123,0.205,15334.1175205653,-769.188027803811
0.1236,0.206,15404.0616620396,-783.490249684455
0.1242,0.207,15474.0751535533,-797.65386361085
0.1248,0.208,15544.1096368665,-811.680667563952
0.1254,0.209,15614.0683386312,-825.606843379931
0.126,0.21,15684.0496570578,-839.459862156039
0.1266,0.211,15754.0209737226,-853.283847762615
0.1272,0.212,15823.848664841,-867.066747726833
0.1278,0.213,15893.5488254733,-880.761639638463
0.1284,0.214,15963.2822088724,-894.355015769022
0.129,0.215,16033.0489278788,-907.85334751102
0.1296,0.216,16102.7606031349,-921.278471336491
0.1302,0.217,16172.4744624137,-934.63802721947
0.1308,0.218,16242.1838762681,-948.014844814734
0.1314,0.219,16311.9318120564,-961.338593321706
0.132,0.22,16381.6255390335,-974.594110856698
0.1326,0.221,16451.2983201275,-987.788139916028
0.1332,0.222,16520.9587725325,-1000.91378746378
0.1338,0.223,16590.6454218392,-1013.96323156853
0.1344,0.224,16660.2498329559,-1026.9928672469
0.135,0.225,16729.8646298237,-1039.97205443964
0.1356,0.226,16799.302289209,-1052.88403396936
0.1362,0.227,16868.7442456862,-1065.75822774254
0.1368,0.228,16938.1932192532,-1078.61117581623
0.1374,0.229,17007.6118013407,-1091.44261912121
0.138,0.23,17076.9935261585,-1104.26869195446
0.1386,0.231,17146.386574732,-1117.06699094605
0.1392,0.232,17215.7995781813,-1129.82777774852
0.1398,0.233,17285.2539542259,-1142.55307641154
0.1404,0.234,17354.7240601431,-1155.21193234331
0.141,0.235,17424.1715119361,-1167.83148937467
0.1416,0.236,17493.5588475437,-1180.39721347148
0.1422,0.237,17562.7083904637,-1192.91090277986
0.1428,0.238,17631.8156978365,-1205.37618690085
0.1434,0.239,17700.9346786653,-1217.81351453305
0.144,0.24,17769.6129570828,-1230.24931846243
0.1446,0.241,17838.1935886984,-1242.63896343985
0.1452,0.242,17906.7911541053,-1255.01354702005
0.1458,0.243,17974.9106546278,-1267.36404478314
0.1464,0.244,18042.623071827,-1279.66233715675
0.147,0.245,18109.9971890391,-1291.92115853324
0.1476,0.246,18176.7804380242,-1304.20862343306
0.1482,0.247,18243.5497764325,-1316.46848133421
0.1488,0.248,18310.2885839386,-1328.67951457247
0.1494,0.249,18376.5507281083,-1340.83309141044
0.15,0.25,18442.4671883007,-1352.93467897372
0.1506,0.251,18508.1983938901,-1364.98925816935
0.1512,0.252,18573.9506097341,-1377.0218741569
0.1518,0.253,18639.5659348354,-1389.01583129366
0.1524,0.254,18704.8354840001,-1400.9466229282
0.153,0.255,18769.7017307888,-1412.91598594225
0.1536,0.256,18834.2829628775,-1424.84861759268
0.1542,0.257,18898.7694775919,-1436.73161176608
0.1548,0.258,18963.145531817,-1448.58476539382
0.1554,0.259,19027.3399496946,-1460.41159821377
0.156,0.26,19091.0215963312,-1472.22488186885
0.1566,0.261,19154.2235065807,-1483.96630249255
0.1572,0.262,19217.3886424136,-1495.66764289945
0.1578,0.263,19280.4645177328,-1507.3386045586
0.1584,0.264,19343.3260818208,-1518.96313344979
0.159,0.265,19405.94567724,-1530.53957126702
0.1596,0.266,19468.3964568185,-1542.0777807836
0.1602,0.267,19530.6660777892,-1553.57214486858
0.1608,0.268,19592.6648610738,-1565.01448773884
0.1614,0.269,19654.6302863231,-1576.41407722404
0.162,0.27,19716.4548046754,-1587.77275469612
0.1626,0.271,19777.9252152844,-1599.07557005283
0.1632,0.272,19839.2831075872,-1610.34288485477
0.1638,0.273,19900.431149029,-1621.57193821209
0.1644,0.274,19961.2677374153,-1632.79255308949
0.165,0.275,20021.8285636816,-1643.98230354856
0.1656,0.276,20082.3581797996,-1655.13854452738
0.1662,0.277,20142.8277137813,-1666.30593088926
0.1668,0.278,20203.0552451096,-1677.46209245142
0.1674,0.279,20263.1465603858,-1688.58113040454
0.168,0.28,20323.1090803183,-1699.65916096599
0.1686,0.281,20382.9486570312,-1710.69394105347
0.1692,0.282,20442.6603412058,-1721.6834357931
0.1698,0.283,20502.244868371,-1732.63005426341
0.1704,0.284,20561.5887584456,-1743.53523580476
0.171,0.285,20620.7943915542,-1754.44081775396
0.1716,0.286,20679.7946937557,-1765.33023714068
0.1722,0.287,20738.5660896235,-1776.2077663804
0.1728,0.288,20797.2461598712,-1787.07650108459
0.1734,0.289,20855.8886017453,-1797.93072841417
0.174,0.29,20914.3823997182,-1808.73915664169
0.1746,0.291,20972.6187377543,-1819.50548663961
0.1752,0.292,21030.4032150001,-1830.22182832714
0.1758,0.293,21087.5874032723,-1840.86825320159
0.1764,0.294,21144.7020437915,-1851.49503130136
0.177,0.295,21201.6718462764,-1862.07289647975
0.1776,0.296,21258.6108599545,-1872.62710877664
0.1782,0.297,21315.1933310594,-1883.14050981937
0.1788,0.298,21371.508165377,-1893.59918326529
0.1794,0.299,21427.7803079013,-1904.02383083281
0.18,0.3,21484.00838184,-1914.41502350613
0.1806,0.301,21539.9253978329,-1924.77223710716
0.1812,0.302,21595.6528685329,-1935.08164625516
0.1818,0.303,21651.2250549068,-1945.33022610863
0.1824,0.304,21706.4635346617,-1955.53380878869
0.183,0.305,21761.4036599878,-1965.70434760085
0.1836,0.306,21815.8733468975,-1975.84013092357
0.1842,0.307,21870.2273979671,-1985.92856136053
0.1848,0.308,21924.3518058348,-1995.99601427204
0.1854,0.309,21977.7586292718,-2006.00013507383
0.186,0.31,22031.0740913889,-2015.97076731291
0.1866,0.311,22084.080072052,-2025.88434047396
0.1872,0.312,22136.859043484,-2035.74814320308
0.1878,0.313,22189.3090583105,-2045.55448458095
0.1884,0.314,22241.2188386911,-2055.27492414315
0.189,0.315,22292.7047111861,-2064.9129522888
0.1896,0.316,22343.9830415444,-2074.50799215932
0.1902,0.317,22395.0740793015,-2084.06030253495
0.1908,0.318,22445.4920581849,-2093.5369857769
0.1914,0.319,22494.8838959965,-2102.85742781395
0.192,0.32,22543.8471034424,-2112.12126839404
0.1926,0.321,22592.2104265625,-2121.30502309207
0.1932,0.322,22640.0588137869,-2130.39669737782
0.1938,0.323,22687.6308783359,-2139.43735119727
0.1944,0.324,22734.931922466,-2148.43651237029
0.195,0.325,22781.6216962778,-2157.36860917104
0.1956,0.326,22827.9316694463,-2166.25287645615
0.1962,0.327,22874.1341754122,-2175.09789892445
0.1968,0.328,22920.0415076126,-2183.8795114699
0.1974,0.329,22965.5231337765,-2192.63356146939
0.198,0.33,23010.6331935478,-2201.33659232173
0.1986,0.331,23055.568450479,-2210.01014598251
0.1992,0.332,23100.3356812817,-2218.67523793306
0.1998,0.333,23144.209122275,-2227.15279681389
0.2004,0.334,23187.6961528254,-2235.55492668068
0.201,0.335,23230.6151192947,-2243.83596034601
0.2016,0.336,23273.3955235245,-2252.07205503824
0.2022,0.337,23315.125682686,-2260.13775557182
0.2028,0.338,23355.6282701378,-2267.98990789824
0.2034,0.339,23395.2910826339,-2275.72065097252
0.204,0.34,23434.4825225777,-2283.36883305675
0.2046,0.341,23472.6654013084,-2290.80802542902
0.2052,0.342,23510.1061968494,-2298.09163310791
0.2058,0.343,23547.4878456758,-2305.348406798
0.2064,0.344,23584.7623488357,-2312.56877655967
0.207,0.345,23621.5357363704,-2319.68352462259
0.2076,0.346,23657.7470263221,-2326.69891994821
0.2082,0.347,23693.528055146,-2333.62197182871
0.2088,0.348,23728.8737390668,-2340.44771636485
0.2094,0.349,23763.8063120135,-2347.19490861022
0.21,0.35,23798.3454270463,-2353.8673313323
0.2106,0.351,23832.5665339509,-2360.47839847431
0.2112,0.352,23866.5002554051,-2367.03422098586
0.2118,0.353,23900.18958898,-2373.54608827531
0.2124,0.354,23933.3875958473,-2379.98628415582
0.213,0.355,23965.9742959334,-2386.33271393094
0.2136,0.356,23998.1995633919,-2392.61142290648
0.2142,0.357,24030.2325731763,-2398.8509143795
0.2148,0.358,24062.1125982117,-2405.06726072738
0.2154,0.359,24093.7369818529,-2411.22945417527
0.216,0.36,24125.1641236675,-2417.35929079362
0.2166,0.361,24156.3938463449,-2423.44435644526
0.2172,0.362,24187.137579278,-2429.43910441131
0.2178,0.363,24217.3401546434,-2435.34360682244
0.2184,0.364,24247.2036887192,-2441.17136338294
0.219,0.365,24275.8804606972,-2446.79130948568
0.2196,0.366,24304.1945048912,-2452.35494989865
0.2202,0.367,24332.1879057453,-2457.87156854213
0.2208,0.368,24359.7605825547,-2463.32095254148
0.2214,0.369,24387.123019323,-2468.71786905696
0.222,0.37,24413.5601267725,-2473.94075649686
0.2226,0.371,24439.7501425572,-2479.11907022826
0.2232,0.372,24465.8421771534,-2484.2671733021
0.2238,0.373,24491.672483996,-2489.35149078458
0.2244,0.374,24517.1516841113,-2494.37424415524
0.225,0.375,24541.5713876878,-2499.20647509586
0.2256,0.376,24565.473272023,-2503.9532765114
0.2262,0.377,24589.1098820219,-2508.64028191416
0.2268,0.378,24612.485447428,-2513.28565444995
0.2274,0.379,24635.4828828141,-2517.86229392014
0.228,0.38,24658.2709150319,-2522.39479411924
0.2286,0.381,24680.9097519001,-2526.888849461
0.2292,0.382,24703.3147380577,-2531.32328580607
0.2298,0.383,24725.4834914775,-2535.69706307766
0.2304,0.384,24747.3503318323,-2540.00203008793
0.231,0.385,24769.1408089465,-2544.28307903378
0.2316,0.386,24790.3180139368,-2548.46412267101
0.2322,0.387,24811.1096158894,-2552.59057860458
0.2328,0.388,24831.004309799,-2556.52748140865
0.2334,0.389,24850.5716055266,-2560.38758190632
0.234,0.39,24870.0024363502,-2564.21886696905
0.2346,0.391,24889.3166275577,-2568.02216546139
0.2352,0.392,24908.3634208902,-2571.78692271088
0.2358,0.393,24927.1634769326,-2575.50402810669
0.2364,0.394,24945.7847021114,-2579.18212293933
0.237,0.395,24964.3306268878,-2582.84035645201
0.2376,0.396,24982.720970346,-2586.4648173183
0.2382,0.397,25000.606231273,-2590.04561443369
0.2388,0.398,25018.1609245988,-2593.59021248027
0.2394,0.399,25035.5152803886,-2597.10718780293
0.24,0.4,25052.7687075552,-2600.5989744156
0.2406,0.401,25069.9377769566,-2604.07011283072
0.2412,0.402,25086.9551672104,-2607.52708543746
0.2418,0.403,25103.6549897482,-2610.91340850379
0.2424,0.404,25119.9838485242,-2614.21593513099
0.243,0.405,25136.0695857876,-2617.46043148184
0.2436,0.406,25151.8007301111,-2620.62733545468
0.2442,0.407,25167.0752111751,-2623.73289866569
0.2448,0.408,25182.1072179163,-2626.80999260948
0.2454,0.409,25197.0410343242,-2629.86381258626
0.246,0.41,25211.6672700314,-2632.88393579928
0.2466,0.411,25226.0848516852,-2635.87396414057
0.2472,0.412,25240.1842181367,-2638.80258224655
0.2478,0.413,25253.9250832827,-2641.65248906275
0.2484,0.414,25267.5290949594,-2644.48038332761
0.249,0.415,25280.9562283319,-2647.28179932584
0.2496,0.416,25294.1159840035,-2650.0191666303
0.2502,0.417,25307.2164872466,-2652.73656314918
0.2508,0.418,25320.2156015407,-2655.42816427689
0.2514,0.419,25333.140065775,-2658.09821282047
0.252,0.42,25345.9391904926,-2660.74321519371
0.2526,0.421,25358.4537410549,-2663.37505116001
0.2532,0.422,25370.8065064603,-2665.98506011935
0.2538,0.423,25382.8184898184,-2668.53818929492
0.2544,0.424,25394.4819745679,-2671.03559716465
0.255,0.425,25406.0641556547,-2673.51770727469
0.2556,0.426,25417.5728989063,-2675.99174019993
0.2562,0.427,25428.9928557452,-2678.45543016111
0.2568,0.428,25440.2928821987,-2680.88743999278
0.2574,0.429,25451.3172680086,-2683.25637571223
0.258,0.43,25462.2153946434,-2685.59985543286
0.2586,0.431,25472.9621235923,-2687.92508883934
0.2592,0.432,25483.5943345977,-2690.22340931826
0.2598,0.433,25494.114149751,-2692.49658038134
0.2604,0.434,25504.4797104964,-2694.73776982448
0.261,0.435,25514.4637943944,-2696.9185571046
0.2616,0.436,25524.2746708571,-2699.06968484759
0.2622,0.437,25533.8982637983,-2701.17578386568
0.2628,0.438,25543.2057551315,-2703.21099573612
0.2634,0.439,25552.5010363971,-2705.26885790908
0.264,0.44,25561.6731110714,-2707.29491621907
0.2646,0.441,25570.5502769803,-2709.25021550461
0.2652,0.442,25579.3259571119,-2711.18074012124
0.2658,0.443,25588.0352948969,-2713.0976939526
0.2664,0.444,25596.6811701871,-2714.99312188122
0.267,0.445,25605.124697635,-2716.83896345392
0.2676,0.446,25613.4739015677,-2718.66289763316
0.2682,0.447,25621.6900217977,-2720.46008121755
0.2688,0.448,25629.887443383,-2722.25773129121
0.2694,0.449,25638.0318326035,-2724.04152705345
0.27,0.45,25646.1245178686,-2725.80963099296
0.2706,0.451,25654.1216869414,-2727.55182623122
0.2712,0.452,25661.8998817339,-2729.24020537643
0.2718,0.453,25669.4913486033,-2730.89074282528
0.2724,0.454,25676.8281139446,-2732.49231727977
0.273,0.455,25684.0306919458,-2734.06012850723
0.2736,0.456,25691.1565837907,-2735.60669870471
0.2742,0.457,25698.2261284336,-2737.13759494092
0.2748,0.458,25705.2334208169,-2738.65967529565
0.2754,0.459,25712.1288386587,-2740.16123800389
0.276,0.46,25718.9627569371,-2741.64627716746
0.2766,0.461,25725.7590214596,-2743.12045973315
0.2772,0.462,25732.4699721766,-2744.59156318488
0.2778,0.463,25739.0810013916,-2746.05460756567
0.2784,0.464,25745.6431911184,-2747.5067622485
0.279,0.465,25752.1543605175,-2748.94262114588
0.2796,0.466,25758.6896064457,-2750.40137457389
0.2802,0.467,25765.1863874581,-2751.84860461389
0.2808,0.468,25771.6449228224,-2753.28928970341
0.2814,0.469,25778.0623937998,-2754.72145951611
0.282,0.47,25784.3611572336,-2756.14107312119
0.2826,0.471,25790.5533372073,-2757.53746303204
0.2832,0.472,25796.6948347964,-2758.91927309483
0.2838,0.473,25802.7934256857,-2760.28783800501
0.2844,0.474,25808.7954306668,-2761.63399331487
0.285,0.475,25814.6913144914,-2762.9526936307
0.2856,0.476,25820.5308413188,-2764.25578822935
0.2862,0.477,25826.3615256965,-2765.55930837651
0.2868,0.478,25832.2195088257,-2766.87086940302
0.2874,0.479,25838.0493279516,-2768.17512892429
0.288,0.48,25843.8536128962,-2769.47164057667
0.2886,0.481,25849.6243350029,-2770.75743803898
0.2892,0.482,25855.3560638044,-2772.0298198347
0.2898,0.483,25861.0523784986,-2773.29516810208
0.2904,0.484,25866.7100345436,-2774.54797617225
0.291,0.485,25872.325663492,-2775.78867024558
0.2916,0.486,25877.9494166237,-2777.05013344856
0.2922,0.487,25883.5333954919,-2778.29955003545
0.2928,0.488,25889.0179375265,-2779.52661739045
0.2934,0.489,25894.4527960317,-2780.74004120412
0.294,0.49,25899.8131450169,-2781.93330845198
0.2946,0.491,25905.1258694478,-2783.11162329393
0.2952,0.492,25910.4539248721,-2784.30744502991
0.2958,0.493,25915.7816311322,-2785.51505198455
0.2964,0.494,25921.0532004348,-2786.71002276484
0.297,0.495,25926.012065926,-2787.83450009157
0.2976,0.496,25930.9056326673,-2788.94229611542
0.2982,0.497,25935.7314076362,-2790.03108485401
0.2988,0.498,25940.492156984,-2791.09975217875
0.2994,0.499,25945.3112018883,-2792.23248605822
0.3,0.5,25950.125044733,-2793.38519631087
